{
    "accuracy": [
        0.3218006491661072,
        0.3737601041793823,
        0.4005364179611206,
        0.4205576777458191,
        0.4365420341491699,
        0.4486251771450043,
        0.458283931016922,
        0.4662359058856964,
        0.4730602204799652,
        0.47891753911972046,
        0.48306530714035034,
        0.48684456944465637,
        0.4901445209980011,
        0.4928681552410126,
        0.49614590406417847,
        0.49940982460975647,
        0.5007869005203247,
        0.5031226277351379,
        0.5039482712745667,
        0.5057381987571716
    ],
    "loss": [
        2.2597692012786865,
        2.0445072650909424,
        1.957316279411316,
        1.8907479047775269,
        1.8418673276901245,
        1.8026739358901978,
        1.7717782258987427,
        1.745324969291687,
        1.7260428667068481,
        1.708713173866272,
        1.6938482522964478,
        1.680788278579712,
        1.6709529161453247,
        1.6623854637145996,
        1.6528537273406982,
        1.6452455520629883,
        1.6388335227966309,
        1.6312850713729858,
        1.6261448860168457,
        1.6214524507522583
    ],
    "val_accuracy": [
        0.3614034354686737,
        0.3980599343776703,
        0.4218243360519409,
        0.43075159192085266,
        0.4523465037345886,
        0.4636676609516144,
        0.4733928442001343,
        0.48139744997024536,
        0.48832976818084717,
        0.49112263321876526,
        0.4958605468273163,
        0.497281938791275,
        0.5005486011505127,
        0.5067079067230225,
        0.5056605935096741,
        0.5096753239631653,
        0.5091516375541687,
        0.5127674341201782,
        0.5133160352706909,
        0.5129918456077576
    ],
    "val_loss": [
        2.071829319000244,
        1.9606001377105713,
        1.8800067901611328,
        1.8331609964370728,
        1.7809486389160156,
        1.7433065176010132,
        1.7209259271621704,
        1.6952723264694214,
        1.6747163534164429,
        1.6646085977554321,
        1.6489304304122925,
        1.6396592855453491,
        1.6297845840454102,
        1.6216726303100586,
        1.6169339418411255,
        1.6078647375106812,
        1.6032155752182007,
        1.6002510786056519,
        1.5949485301971436,
        1.5943726301193237
    ]
}