{
    "accuracy": [
        0.3057858347892761,
        0.38202518224716187,
        0.4235112965106964,
        0.4499218761920929,
        0.46856608986854553,
        0.4826968014240265,
        0.4937049150466919,
        0.5034052133560181,
        0.5120055675506592,
        0.5188049077987671,
        0.5254685282707214,
        0.5296550989151001,
        0.5335507392883301,
        0.5387763381004333,
        0.5421981811523438,
        0.5454537868499756,
        0.5488895177841187,
        0.5528433322906494,
        0.5544780492782593,
        0.5572875738143921
    ],
    "loss": [
        2.334785223007202,
        2.0092616081237793,
        1.8800971508026123,
        1.795552372932434,
        1.7323110103607178,
        1.6840518712997437,
        1.646852731704712,
        1.6141655445098877,
        1.5886240005493164,
        1.5654507875442505,
        1.5448752641677856,
        1.528793454170227,
        1.513779640197754,
        1.499107837677002,
        1.4864013195037842,
        1.4747600555419922,
        1.463728904724121,
        1.4530017375946045,
        1.4450687170028687,
        1.4364804029464722
    ],
    "val_accuracy": [
        0.3579123318195343,
        0.4113261103630066,
        0.44513988494873047,
        0.4678818881511688,
        0.48361676931381226,
        0.4964839518070221,
        0.5046132206916809,
        0.5135155320167542,
        0.522193431854248,
        0.5297241806983948,
        0.533115565776825,
        0.5363073945045471,
        0.5389755964279175,
        0.541768491268158,
        0.5427659749984741,
        0.5456336140632629,
        0.5482769012451172,
        0.5492244958877563,
        0.5511445999145508,
        0.5525909066200256
    ],
    "val_loss": [
        2.075843334197998,
        1.9089751243591309,
        1.8069524765014648,
        1.728731393814087,
        1.6767220497131348,
        1.6368072032928467,
        1.6039903163909912,
        1.58029305934906,
        1.5591365098953247,
        1.5398881435394287,
        1.5260822772979736,
        1.5111188888549805,
        1.5015031099319458,
        1.492673635482788,
        1.4844036102294922,
        1.4786367416381836,
        1.4697550535202026,
        1.46530020236969,
        1.461492896080017,
        1.4562221765518188
    ]
}